{
    "id": "viraloka.sample",
    "name": "Sample Module",
    "description": "A sample module to demonstrate the module manifest system",
    "version": "1.0.0",
    "author": "Viraloka Team",
    "namespace": "Viraloka\\Modules\\Sample",
    "contexts": {
        "supported": ["default", "creator"],
        "primary": "default",
        "priority": 50
    },
    "dependencies": {
        "core": ">=1.0.0"
    },
    "capabilities": [
        "manage_sample",
        "view_sample"
    ],
    "ui": {
        "admin_menu": true,
        "menu_title": "Sample",
        "icon": "dashicons-admin-generic",
        "order": 50
    },
    "lifecycle": {
        "provider": "Viraloka\\Modules\\Sample\\SampleServiceProvider",
        "boot": true
    },
    "visibility": {
        "public": true,
        "marketplace": true
    }
}
