{
    "id": "viraloka.linkinbio",
    "name": "Link In Bio",
    "description": "A comprehensive link-in-bio solution for creators to showcase multiple links, social profiles, and content in a single customizable landing page",
    "version": "1.0.0",
    "author": "Viraloka Team",
    "namespace": "Viraloka\\Modules\\LinkInBio",
    "contexts": {
        "supported": ["creator", "link-in-bio", "digital"],
        "primary": "link-in-bio",
        "priority": 80
    },
    "dependencies": {
        "core": ">=1.0.0",
        "modules": [
            {
                "id": "viraloka.analytics",
                "version": ">=1.0.0",
                "optional": true
            }
        ],
        "plugins": [
            {
                "slug": "woocommerce/woocommerce.php",
                "optional": true
            }
        ]
    },
    "capabilities": [
        "manage_linkinbio",
        "edit_linkinbio_pages",
        "view_linkinbio_analytics",
        "customize_linkinbio_theme"
    ],
    "ui": {
        "admin_menu": true,
        "menu_title": "Link In Bio",
        "icon": "dashicons-admin-links",
        "order": 30
    },
    "lifecycle": {
        "provider": "Viraloka\\Modules\\LinkInBio\\LinkInBioServiceProvider",
        "boot": true
    },
    "recommendations": {
        "modules": [
            "viraloka.analytics",
            "viraloka.payments"
        ],
        "integrations": [
            "Instagram",
            "TikTok",
            "YouTube"
        ]
    },
    "visibility": {
        "public": true,
        "marketplace": true
    }
}
